{"cameraMode":{"drawMode":0,"name":"Shaded","section":"Shading Mode"},"sceneLighting":true,"audioPlay":false,"sceneViewState":{"showFog":false,"showMaterialUpdate":false,"showSkybox":false,"showFlares":false,"showImageEffects":false,"showParticleSystems":true},"in2DMode":false,"pivot":{"x":-0.44999998807907107,"y":0.6611685156822205,"z":-0.00100003182888031},"rotation":{"x":-0.13453929126262666,"y":0.5575700998306274,"z":-0.09216132760047913,"w":-0.8139539957046509},"size":1.5476055145263672,"orthographic":false}